model,seed,MSE_ln,MAE_ln,MSE_lg,MAE_lg,R2
6特征_论文参数,0,0.953497126227169,0.7339986028388239,0.17984071107340335,0.3187715429375977,0.6665313404076074
6特征_论文参数,1,1.0053496423640196,0.7584939354037831,0.18962070213629684,0.3294097307029445,0.6597526286711004
6特征_论文参数,2,1.154590926252264,0.7858902718281351,0.21776935395465064,0.3413078084364056,0.5610923727296289
6特征_论文参数,3,1.0114001874396514,0.7387498581206402,0.19076190571085702,0.3208349868886042,0.6035368328755484
6特征_论文参数,4,1.1846772618813959,0.8072249218343934,0.2234439887745222,0.3505733292074608,0.6189012581311927
6特征_论文参数,5,1.252775028708121,0.8472688756558008,0.236288024138412,0.36796419738568664,0.501366982396219
6特征_论文参数,6,1.1202089193549902,0.7745957236613831,0.21128450528709083,0.33640264849199475,0.6725240962846135
6特征_论文参数,7,1.2539685713067148,0.813555490946208,0.23651314023338843,0.3533226604400291,0.5561164792725999
6特征_论文参数,8,0.8079955489665648,0.6836730377226448,0.15239741166841433,0.29691542770897833,0.6267108371249007
6特征_论文参数,9,0.8810648376812762,0.7199876511439542,0.16617913421232763,0.3126866639303028,0.6869517560641694
6特征_论文参数,10,1.4372525545322028,0.9021618859025969,0.2710826433445959,0.3918039288309289,0.45331912617078784
6特征_论文参数,11,1.2804704825461046,0.9151372165006744,0.2415117106863009,0.39743904331054436,0.5249620082996675
6特征_论文参数,12,1.011178875516227,0.7448799475121599,0.19072016369341105,0.3234972508849149,0.6267867371808304
6特征_论文参数,13,1.2535021052702955,0.8213075808523855,0.2364251592826611,0.35668935030949983,0.5630137777588031
6特征_论文参数,14,1.0407562748601484,0.7682696245330372,0.19629880717685824,0.33365525854858114,0.6244511716526013
6特征_论文参数,15,0.8987487767186446,0.6797992714895748,0.1695145319640156,0.29523307240977287,0.6854812216160605
6特征_论文参数,16,1.229910300615353,0.8416656377072506,0.2319754689711259,0.3655307420638404,0.5565095498289452
6特征_论文参数,17,1.1230697105270306,0.785839402074195,0.2118240839648452,0.3412857159829737,0.6399766953147119
6特征_论文参数,18,0.9921662486686269,0.7599707678161074,0.18713415987903662,0.3300511108703128,0.6270635907222006
6特征_论文参数,19,1.2248381713621141,0.8151421554451297,0.23101880606521027,0.3540117400765425,0.5860627332809036
6特征_论文参数,20,1.0042605668624303,0.7324806525870133,0.1894152897577683,0.3181123055194327,0.6454866369400372
6特征_论文参数,21,1.3149674065437325,0.8442555314255318,0.24801823406317416,0.3666555186144058,0.5339543544337736
6特征_论文参数,22,1.152418765770824,0.7922324040465136,0.2173596590800647,0.34406216146234825,0.564078584041501
6特征_论文参数,23,1.0732913862709121,0.751032917278387,0.20243530975250432,0.3261694517017048,0.609959251184601
6特征_论文参数,24,1.19264156093235,0.8147126092943764,0.22494614873403063,0.3538251905535476,0.5826199023218082
6特征_论文参数,25,1.4682706752603096,0.8854064844643097,0.27693302373323525,0.38452715044420693,0.49329370508616077
6特征_论文参数,26,1.0639820009484608,0.782591975364251,0.20067945078870178,0.33987537648245975,0.6687265738285483
6特征_论文参数,27,0.9533176325225082,0.7186543298601771,0.1798068564611644,0.3121076098541542,0.560649980855711
6特征_论文参数,28,1.519787267792668,0.8357533375795612,0.2866496556750192,0.36296306274302903,0.5256955252811617
6特征_论文参数,29,1.186682334972966,0.7702362687141504,0.22382216901295557,0.33450936126430575,0.5847332830561692
6特征_论文参数,30,1.0734785937478202,0.7635569951016288,0.20247061927241722,0.33160858959126566,0.6345432844451322
6特征_论文参数,31,1.1513039486217929,0.8194930204576649,0.21714939152572826,0.3559012967429925,0.5951434658285256
6特征_论文参数,32,0.974622860853636,0.7789402892583841,0.18382527173191832,0.338289469357039,0.6791612303645052
6特征_论文参数,33,1.1183712745141041,0.7817208832077551,0.21093790397514667,0.3394970659656644,0.6057905071314156
6特征_论文参数,34,1.4217653651152045,0.903695141546031,0.26816157826671555,0.3924698132962193,0.443422480989224
6特征_论文参数,35,0.9841434942149653,0.7736455676520183,0.185620974546824,0.33599000098018045,0.6038040585490092
6特征_论文参数,36,1.1165384277762818,0.8226347333107501,0.21059220764156378,0.3572657252988119,0.5765555509982512
6特征_论文参数,37,1.3114682258142776,0.8531661658249742,0.24735824764764133,0.37052535796434094,0.5858845262250381
6特征_论文参数,38,0.7860121206600752,0.6889014246496125,0.14825107994939418,0.29918608730061547,0.6930298438439482
6特征_论文参数,39,1.153959028644378,0.8232004134929256,0.2176501706744897,0.35751139708045276,0.6246677143725552
6特征_论文参数,40,1.0904494239631166,0.802791195845292,0.20567151635902023,0.34864778647612304,0.6379461467379958
6特征_论文参数,41,0.8963025595990686,0.7505933576969528,0.1690531468018335,0.3259785534010203,0.6143238464079189
6特征_论文参数,42,1.1551015699114855,0.8098263229438887,0.21786566732178464,0.3517031033545316,0.5092881971086368
6特征_论文参数,43,1.2628265465640542,0.7936570028577323,0.2381838579787621,0.3446808568649865,0.5817005262052533
6特征_论文参数,44,1.6942363776270983,0.9454323414963417,0.3195527983230565,0.41059604892473195,0.43210237921608863
6特征_论文参数,45,1.1206467048459314,0.8017219775637845,0.21136707675146432,0.34818343087651427,0.5882965084397713
6特征_论文参数,46,1.1063784911661105,0.7891433923092166,0.20867592475598898,0.3427206207103058,0.6084343965087405
6特征_论文参数,47,1.2262404749939286,0.8191441800823139,0.23128329693293237,0.3557497972929125,0.5588097856905523
6特征_论文参数,48,0.9464409774453485,0.7724515149735689,0.17850983887729777,0.33547143049082806,0.4921819421896775
6特征_论文参数,49,1.3905529728548525,0.8839192993056098,0.2622745559946984,0.38388127413621514,0.4605192046349159
6特征_论文参数,50,1.119529457782784,0.7767182518139046,0.21115635088690282,0.33732445075631917,0.5941105344230662
6特征_论文参数,51,1.1957632860743286,0.8063308567565445,0.22553494261066304,0.3501850416776886,0.5840276874661562
6特征_论文参数,52,1.3761142007216223,0.8161335307044926,0.25955123467988583,0.35444228888117923,0.49090167006854557
6特征_论文参数,53,0.8589997080811844,0.6949973561331987,0.16201739267367313,0.3018335167059973,0.6824927351416196
6特征_论文参数,54,1.2160798299936204,0.8625338286626796,0.22936688043669165,0.3745936822430866,0.6562070365162538
6特征_论文参数,55,1.2366551139766533,0.7978974515322357,0.23324761966522736,0.34652246032511724,0.5888240366703607
6特征_论文参数,56,1.1256655591636529,0.7861179729884548,0.2123136913813838,0.34140669779385546,0.5994529155725099
6特征_论文参数,57,0.9819010032939399,0.7478332098619528,0.1851980145286763,0.32477983642704256,0.5773907094372105
6特征_论文参数,58,0.904282579456001,0.7287537771783523,0.17055827188923592,0.3164937440947103,0.6423879663714788
6特征_论文参数,59,1.255247990481029,0.870086690309053,0.23675445365504502,0.37787384837868526,0.563361871896809
6特征_论文参数,60,0.9421122883165216,0.7184522824793671,0.177693397474874,0.3120198617915854,0.6799940356031144
6特征_论文参数,61,1.2525118919227107,0.8412311183747119,0.2362383934627696,0.3653420327154386,0.563999355578253
6特征_论文参数,62,0.9593067576678004,0.7713520946137495,0.18093647551843287,0.3349939582952664,0.6421249503587454
6特征_论文参数,63,1.133423810738067,0.7846036214078159,0.21377698837667708,0.3407490232587225,0.6102558547692825
6特征_论文参数,64,0.9445351308179112,0.7281410062657232,0.17815037391065294,0.3162276210686847,0.5815322573940479
6特征_论文参数,65,0.8513547987352659,0.7146780851846992,0.1605754733484395,0.310380748732897,0.6607704190334521
6特征_论文参数,66,0.9727076369265879,0.7522413186068486,0.18346403809688053,0.32669425373058025,0.675100326115585
6特征_论文参数,67,0.9106075539778229,0.7406313496142559,0.17175123606735196,0.3216521082620294,0.6055635501678724
6特征_论文参数,68,1.3044719051502263,0.8517636185569135,0.2460386597343572,0.36991623942521373,0.583166191431649
6特征_论文参数,69,1.344552041333302,0.8484708665797482,0.25359824223630373,0.3684862154112548,0.5094903502900063
6特征_论文参数,70,1.2607620137641797,0.8735992915413837,0.23779446294384163,0.3793993517110131,0.5412911444411719
6特征_论文参数,71,1.2713091700949795,0.8192148893791056,0.23978377999804057,0.3557805059503284,0.4688289916618047
6特征_论文参数,72,1.3531239175073644,0.856143323956336,0.25521499834806705,0.3718183213125448,0.44161567950862546
6特征_论文参数,73,1.0211396688716312,0.758297635979949,0.19259888583175583,0.32932447894637257,0.6604849988188375
6特征_论文参数,74,1.2012789031393456,0.8146633689162822,0.22657525250536212,0.35380380572905445,0.5835510570754578
6特征_论文参数,75,1.3676295981844897,0.8741772412516908,0.25795093939688823,0.379650352081017,0.49776332096972753
6特征_论文参数,76,1.1476171554801389,0.8024301438510761,0.21645401921475013,0.3484909835873549,0.5398429436115046
6特征_论文参数,77,1.3595564559943676,0.871727099564414,0.2564282503481932,0.37858626906635157,0.43557443755062974
6特征_论文参数,78,1.1973165178732024,0.8454746302840566,0.22582790029610103,0.3671849665215577,0.5936485858557586
6特征_论文参数,79,1.0123535944419437,0.7825787417197313,0.19094172942350213,0.3398696291836694,0.5568705627660926
6特征_论文参数,80,1.1221071825050664,0.8016504474220405,0.2116425399212013,0.34815236573066505,0.631190015865061
6特征_论文参数,81,1.0615084084456536,0.7866040475409779,0.2002129023090321,0.34161779728980984,0.6221708034499858
6特征_论文参数,82,0.9799157978070517,0.7369718567735156,0.18482358155287754,0.32006281071473147,0.5890985535910409
6特征_论文参数,83,0.8568035695822362,0.6804481684781623,0.16160317526451398,0.29551488479124005,0.6993501283984418
6特征_论文参数,84,1.0985555079825207,0.7866302178630982,0.20720041862203875,0.3416291629162963,0.5604921297121064
6特征_论文参数,85,1.212330540239365,0.806264772962479,0.22865972053355327,0.35015634185058275,0.5080221382583212
6特征_论文参数,86,1.0339027383974875,0.7531539127268958,0.1950061500341048,0.32709058832113413,0.6264516521152566
6特征_论文参数,87,1.1247826622966082,0.788482512218265,0.21214716670500428,0.3424336041336058,0.5400645931359986
6特征_论文参数,88,1.2285997870898444,0.8509216196976692,0.23172829079112306,0.3695505639668751,0.5643804988934953
6特征_论文参数,89,1.1939558247202635,0.8045607270977271,0.2251940342573899,0.34941628413461095,0.5767816686309712
6特征_论文参数,90,1.2913556817958167,0.8433017721554327,0.24356478658909866,0.3662413062263377,0.5483385438974688
6特征_论文参数,91,0.9714250781692304,0.7953018527969922,0.1832221325131382,0.34539520611716595,0.5784157207775151
6特征_论文参数,92,1.2670074290538293,0.8604390122326189,0.23897242132016475,0.37368391502691095,0.5360963298509319
6特征_论文参数,93,1.2741375504718184,0.8995855223548854,0.2403172456207105,0.3906850283587811,0.5692681892818499
6特征_论文参数,94,1.1142549865618463,0.7802734037268133,0.21016152391908285,0.3388684336144232,0.6112804737627864
6特征_论文参数,95,1.16001995571995,0.8122745531858849,0.21879333241567694,0.3527663562390592,0.6174786778858001
6特征_论文参数,96,1.4753787318718063,0.8910609384945112,0.2782736863531843,0.38698284862769905,0.5721849461748809
6特征_论文参数,97,0.825464422054148,0.7009645407887974,0.15569224546634394,0.30442503207442156,0.6986154701356339
6特征_论文参数,98,1.3302349321839784,0.8374616367223284,0.2508978679833493,0.36370496763417287,0.6468814151211209
6特征_论文参数,99,1.648322628965807,0.9588961293186635,0.31089292827188564,0.4164432976814825,0.48910248124097144
6特征_论文参数,100,0.9857339629488484,0.7451718846058044,0.18592095555376562,0.3236240375537476,0.6408163827747346
6特征_论文参数,101,1.369704684302311,0.8915328412109729,0.2583423249110157,0.3871877933734535,0.4882434646554451
6特征_论文参数,102,1.3453064785486077,0.8792209718561639,0.25374053791977125,0.3818408164507462,0.5024248857730533
6特征_论文参数,103,1.174614659806202,0.8358578519614706,0.2215460643207673,0.36300845276237176,0.5318665956357187
6特征_论文参数,104,1.035255111404236,0.7777205435540449,0.19526122340190036,0.33775974052831925,0.6743210381668056
6特征_论文参数,105,1.2010391193447547,0.859237665557047,0.22653002647694845,0.37316217679485725,0.4924485984198642
6特征_论文参数,106,1.1316770230433235,0.7950742350352918,0.21344752378525253,0.3452963529792763,0.602072883782223
6特征_论文参数,107,0.8420386995984325,0.7206911762212352,0.1588183480807129,0.3129922009892465,0.5873778534315011
6特征_论文参数,108,1.3052300713446112,0.8582448940444183,0.246181658746897,0.3727310216051319,0.5243895898122968
6特征_论文参数,109,0.9489435922769037,0.7229202549996672,0.17898186130764382,0.3139602776024471,0.6591461689132927
6特征_论文参数,110,1.4272857911831667,0.8368678423713436,0.269202795195621,0.3634470860241549,0.5823233382017186
6特征_论文参数,111,1.3314384633141434,0.834411601186893,0.251124868032216,0.3623803540315244,0.5280607772673935
6特征_论文参数,112,1.2503520968135864,0.815888935194046,0.23583103084204027,0.354336062400694,0.5912439387685526
6特征_论文参数,113,1.0636547361011457,0.7652464646966566,0.2006177248104774,0.3323423169137295,0.5603578043483374
6特征_论文参数,114,0.9656359044967017,0.7389302079092589,0.1821302266424676,0.3209133118066137,0.6172922960001892
6特征_论文参数,115,1.0542725666841244,0.8255868139078608,0.19884813791508257,0.35854779761227074,0.6066358944034504
6特征_论文参数,116,1.0985818285140578,0.8074914758819105,0.20720538298215824,0.35068909215942645,0.5815202967438915
6特征_论文参数,117,1.4015316418141475,0.8370304309475594,0.2643452613780397,0.36351769734562583,0.5016298136708679
6特征_论文参数,118,1.3523747773362906,0.8890358173387686,0.2550737017491012,0.3861033496845745,0.5392672138469039
6特征_论文参数,119,0.8796649222765248,0.7221712329664205,0.16591509379216476,0.31363498146658414,0.5858685054918658
6特征_论文参数,120,1.4647553586395468,0.9392266965794143,0.27626999389986,0.4079009715806594,0.4330664957066629
6特征_论文参数,121,1.1747512084436775,0.8661519169260602,0.22157181899100617,0.3761649980109117,0.6211471479351952
6特征_论文参数,122,1.232255422034921,0.8377074974598121,0.23241778630176893,0.3638117435957787,0.4942798063157169
6特征_论文参数,123,1.2264970741567591,0.7992462627536308,0.23133169453648558,0.3471082415956983,0.5509597508948316
6特征_论文参数,124,1.4534122092698292,0.9188618907678618,0.27413054324778136,0.3990566487916709,0.625581278750609
6特征_论文参数,125,0.9682703689523846,0.7708773611970611,0.18262711745417076,0.33478778419202354,0.6037926460863404
6特征_论文参数,126,1.0204891040726456,0.6888669182397653,0.19247618170100314,0.2991711013572286,0.6445763999752483
6特征_论文参数,127,1.0587481424629324,0.755085125012948,0.1996922838578276,0.32792930316035035,0.5457726521562598
6特征_论文参数,128,1.1658703399530321,0.7677691531899947,0.21989678331404858,0.33343790660594713,0.6543359395920137
6特征_论文参数,129,1.1191684457700215,0.7959554560949189,0.21108825979853413,0.34567906242280927,0.510571058794164
6特征_论文参数,130,1.10788256471759,0.7548204472157177,0.2089596106209638,0.32781435505353096,0.5971160553804498
6特征_论文参数,131,1.1089101695803145,0.7991700733014651,0.20915342891797964,0.3470751529370435,0.5882947337983655
6特征_论文参数,132,1.4341828009249817,0.8727681272804546,0.2705036519073304,0.37903838165893633,0.5162379324296078
6特征_论文参数,133,1.022656284143447,0.7760426443573504,0.19288493721188674,0.337031038166005,0.5944979006954321
6特征_论文参数,134,1.212434852235441,0.8243513535313549,0.22867939499615184,0.35801124398814416,0.6060674890795299
6特征_论文参数,135,0.9629002387273554,0.7488917072770052,0.18161424807925464,0.32523953601350863,0.6786666708965803
6特征_论文参数,136,1.0096020456058432,0.7396158062513408,0.19042275512811488,0.3212110633833819,0.678623901215258
6特征_论文参数,137,0.9426269256883946,0.7266042383274394,0.17779046410292856,0.31556021123312217,0.6550702052596629
6特征_论文参数,138,0.9498828982225942,0.7921949731255884,0.1791590253960736,0.3440459054199379,0.6382434142491787
6特征_论文参数,139,1.1467123661630874,0.8117919496539059,0.21628336536622306,0.3525567641881737,0.5581321026271526
6特征_论文参数,140,1.0948064879996953,0.7793259780076809,0.2064933096009476,0.33845697185259077,0.559096212281654
6特征_论文参数,141,0.9431888415093906,0.7120843445395235,0.1778964479995043,0.309254301483209,0.6109438015535245
6特征_论文参数,142,0.9863359133952423,0.7397134417977609,0.18603449044897688,0.32125346596242976,0.5873181663717585
6特征_论文参数,143,1.3147190549072925,0.7956303797505655,0.2479713920395696,0.34553788356025933,0.5622465708350517
6特征_论文参数,144,1.4301777048661735,0.9116546103354406,0.269748243942984,0.39592656667034104,0.46500015058270017
6特征_论文参数,145,0.9106058401241324,0.6821177733908053,0.17175091281449897,0.29623998499175946,0.6428601280349782
6特征_论文参数,146,1.3520589692618876,0.8763170571686941,0.25501413665225814,0.3805796623260603,0.5652803701005724
6特征_论文参数,147,0.9214975181075289,0.7681056484821351,0.1738052106822514,0.33358404465451014,0.6310199523301647
6特征_论文参数,148,1.2361577558375294,0.8563697638848798,0.23315381210258468,0.37191666292399395,0.5891116323154338
6特征_论文参数,149,1.4241159003872208,0.8489589161358809,0.2686049167132562,0.3686981726403786,0.5363865118293307
6特征_论文参数,150,1.00832092029993,0.7120275994676579,0.19018111991008205,0.30922965741162256,0.6676348995340793
6特征_论文参数,151,1.195777027271172,0.7696886399443597,0.22553753436111865,0.3342715291114542,0.6066923479347162
6特征_论文参数,152,1.2621436247228406,0.85114918949899,0.2380550509313645,0.36964939627583654,0.5541580047173462
6特征_论文参数,153,1.4235105998905873,0.8576919069771733,0.26849074995938416,0.3724908623732635,0.505207725058823
6特征_论文参数,154,1.1763687792366182,0.8222122655631465,0.22187691176329913,0.3570822498872456,0.5943958620074479
6特征_论文参数,155,1.1524727500317498,0.7996173346384134,0.21736984114312982,0.3472693960676489,0.6300945652902318
6特征_论文参数,156,1.1034882492679492,0.8207624248022585,0.20813079132680268,0.3564525920451535,0.5324484607235533
6特征_论文参数,157,1.2084376971794346,0.7758661742637215,0.22792548479781993,0.336954398178121,0.4935576393264436
6特征_论文参数,158,0.8684914349884176,0.7188742095808716,0.16380764339321718,0.31220310240353427,0.6939964722885985
6特征_论文参数,159,0.8566717609612949,0.6766716814994662,0.16157831461683747,0.2938747773354129,0.719778809054189
6特征_论文参数,160,1.5384294874059221,0.8985759149078187,0.29016579635233825,0.3902465614156316,0.4802483679749113
6特征_论文参数,161,1.3328636341033273,0.8641744270923506,0.25139367191329537,0.3753061850881118,0.5974158775509035
6特征_论文参数,162,1.3389469164300538,0.8439480165709781,0.25254105011634,0.3665219666099699,0.4769498612614488
6特征_论文参数,163,0.8626248741583782,0.6965209168569374,0.16270114139944158,0.30249519072116154,0.7263533836163762
6特征_论文参数,164,1.066457552449686,0.775038248625121,0.20114636875838748,0.3365948346418506,0.6441439088470406
6特征_论文参数,165,1.3337777760213445,0.8483054278667506,0.25156608977176204,0.36841436629110674,0.5381879511980551
6特征_论文参数,166,0.9686700677733922,0.7181438594877463,0.18270250532709453,0.3118859153882324,0.684930467268378
6特征_论文参数,167,1.3950170597318012,0.8480047357161842,0.26311653499616694,0.3682837773493642,0.4607424595563413
6特征_论文参数,168,1.0844274972968118,0.7678189200677671,0.204535710551209,0.3334595200863452,0.5958635292287608
6特征_论文参数,169,0.989405427039281,0.7597216796688089,0.18661343662637933,0.32994293326243357,0.5925619230742329
6特征_论文参数,170,1.090227643015461,0.8396018571320744,0.20562968587811806,0.36463445354818225,0.6767556658894553
6特征_论文参数,171,0.9796587756918007,0.7567333244460196,0.18477510417555051,0.3286451070792094,0.6063726762310061
6特征_论文参数,172,1.2389602201938006,0.819416263003075,0.23368238966063554,0.35586796140401916,0.5024516973095969
6特征_论文参数,173,1.2005476755988973,0.8187661321362544,0.22643733443805653,0.355585613156044,0.6355523791049725
6特征_论文参数,174,1.1604973354393104,0.8270520759915727,0.21888337181466447,0.3591841528497689,0.6425407555928084
6特征_论文参数,175,1.0431485391064643,0.7651496937476931,0.19675001619605612,0.33230028982458615,0.5707653712792886
6特征_论文参数,176,1.1294981311761443,0.8036213981964713,0.21303655929257903,0.34900833877610327,0.6053199005602561
6特征_论文参数,177,0.8715801323802037,0.7048984317572926,0.1643902078498373,0.3061334992144481,0.6689982291368484
6特征_论文参数,178,1.2596144451747104,0.8069065919394107,0.2375780180847446,0.35043508029064496,0.5151074293993503
6特征_论文参数,179,0.9153522534242875,0.749501737717112,0.17264614188175972,0.32550446886744006,0.7269827255645973
6特征_论文参数,180,0.9071652991327321,0.7777035468943654,0.17110198653947295,0.3377523589728097,0.685344557113821
6特征_论文参数,181,1.012106169563829,0.7535332412761369,0.190895062197358,0.3272553286168979,0.670933124326859
6特征_论文参数,182,1.2321180178983233,0.8359767202719087,0.23239187027438882,0.36306007661366824,0.5581544617434696
6特征_论文参数,183,1.1727462520418086,0.8261105478614816,0.22119366076161537,0.35877525237831365,0.6211863859568157
6特征_论文参数,184,1.2615293496393787,0.8690322609132423,0.23793919146544082,0.37741591551052805,0.564352459437728
6特征_论文参数,185,0.8084936312429454,0.6615735846621685,0.1524913558118139,0.2873177571917336,0.653037377258971
6特征_论文参数,186,1.3831465345493972,0.9117970850984931,0.2608776150970946,0.3959884426737452,0.5919279959296373
6特征_论文参数,187,1.1692160882440614,0.8410453032847385,0.22052783057699332,0.36526133424720875,0.5530373948491872
6特征_论文参数,188,1.2510155876743672,0.814070196102191,0.23595617297924382,0.3535461940490796,0.502146604614498
6特征_论文参数,189,1.2921755801556472,0.8049079422064203,0.2437194290101233,0.34956707774034984,0.6367133096706908
6特征_论文参数,190,0.8595881368841773,0.7011752303168306,0.16212837722877613,0.3045165333738412,0.652047686896907
6特征_论文参数,191,1.1301433536391494,0.787419428955449,0.21315825579627645,0.3419719129387611,0.596724697399107
6特征_论文参数,192,1.0424505239674748,0.785541519225029,0.1966183623761515,0.3411563471053273,0.6371043949836073
6特征_论文参数,193,1.0470061611804233,0.7757704767944174,0.19747760884185497,0.3369128372952701,0.5267823829842393
6特征_论文参数,194,1.0816751694628335,0.8194415163916394,0.20401658932771005,0.35587892881132205,0.6770521529714919
6特征_论文参数,195,1.0948180766109499,0.753568293942566,0.20649549534858236,0.32727055179650405,0.6563074472031933
6特征_论文参数,196,1.3028720682114399,0.7936816116495963,0.24573691177439083,0.3446915443274993,0.4950964205205497
6特征_论文参数,197,1.1072914381798173,0.8039774978185501,0.20884811724152588,0.34916299087697994,0.6086142329028228
6特征_论文参数,198,1.1940151663781164,0.7821052128920956,0.22520522678818103,0.3396639782268051,0.5944506505330946
6特征_论文参数,199,1.0940581178332487,0.7838709888757105,0.20635215823386127,0.3404308449927663,0.5501252610944776
6特征_论文参数,200,1.2555575299932547,0.8585768175622701,0.23681283642773807,0.37287517415734883,0.5565831240273043
6特征_论文参数,201,1.1421028846858148,0.834872578628758,0.21541396324245107,0.3625805539908083,0.5438231494534408
6特征_论文参数,202,1.1816223764445881,0.8602839083544492,0.22286780164810982,0.37361655426850005,0.4390985112201907
6特征_论文参数,203,1.0401081549604418,0.7345597288825474,0.1961765641827076,0.31901523688203903,0.6312541931397617
6特征_论文参数,204,1.3045792815146438,0.8480608628453217,0.24605891217266893,0.3683081530518337,0.5149322193257284
6特征_论文参数,205,0.885878479251244,0.71796831159628,0.1670870433176449,0.3118096759076589,0.6332255573380603
6特征_论文参数,206,0.9799643523274117,0.7394026532639761,0.1848327395033602,0.32111849221716826,0.6231940656822708
6特征_论文参数,207,0.900207479889227,0.7206921024848919,0.16978966044445537,0.31299260326044137,0.5758847215595999
6特征_论文参数,208,1.2310682388608705,0.8761217709310951,0.2321938696686476,0.3804948505906794,0.6514515586250647
6特征_论文参数,209,1.2401512385704148,0.802764335511569,0.23390702965782076,0.348636121181405,0.5417421222380852
6特征_论文参数,210,1.1992001813246937,0.8293697644482971,0.22618318125628556,0.3601907121572952,0.5435719531161018
6特征_论文参数,211,0.8729762436097659,0.704277296359622,0.164653530758062,0.305863743538725,0.6093555123152414
6特征_论文参数,212,1.2676892619539268,0.7872602692691659,0.23910102298053046,0.3419027907652669,0.5472939022472538
6特征_论文参数,213,1.1235050940952283,0.8034032853474312,0.21190620239849395,0.348913613569333,0.5834620032629999
6特征_论文参数,214,0.8807065162583965,0.7217358861409061,0.16611155060068267,0.3134459127425491,0.6136454478068816
6特征_论文参数,215,1.0170341966280456,0.7788594377295968,0.19182454574485908,0.3382543559842332,0.6152638099487433
6特征_论文参数,216,0.9609320510027684,0.7596167277140888,0.18124302485248284,0.3298973532076337,0.616179783345521
6特征_论文参数,217,1.2683085498682318,0.8552707777376986,0.23921782792498633,0.371439379304585,0.5893682166525869
6特征_论文参数,218,1.091716726508193,0.7382459951535697,0.20591054444267426,0.3206161619823701,0.6714507335578542
6特征_论文参数,219,0.9056091337380965,0.7259554123573871,0.17080847554355996,0.31527842969461295,0.6464759436759618
6特征_论文参数,220,1.2478859008190288,0.8450554012155844,0.2353658774303435,0.3670028976504668,0.43097644806260127
6特征_论文参数,221,1.2696394521801202,0.8008849601537542,0.23946885166858825,0.34781991883408114,0.5499757193222603
6特征_论文参数,222,1.1351056915991236,0.819626907921997,0.21409421078005234,0.35595944332994794,0.5614088751781372
6特征_论文参数,223,1.095845970399993,0.824991145301506,0.20668936814048147,0.35828910202348785,0.6449300998551881
6特征_论文参数,224,0.938150035022017,0.7150352609818307,0.1769460701570076,0.3105358682106606,0.634275541794161
6特征_论文参数,225,0.8869006104097116,0.6879785817273159,0.16727982921001192,0.2987853017117986,0.6277470876213558
6特征_论文参数,226,0.9951711202248146,0.7703691902545438,0.1877009138025511,0.33456708835582466,0.6374125201173353
6特征_论文参数,227,1.5252722918669939,0.9135060447282083,0.28768419537382733,0.396730634410726,0.531483271253208
6特征_论文参数,228,1.0659649358379006,0.7634653658942828,0.20105345550326253,0.33156879553213414,0.6098652632033107
6特征_论文参数,229,1.0633841167954126,0.7986649749165406,0.200566682843979,0.3468557914956526,0.5836308034506583
6特征_论文参数,230,1.173611645089156,0.8255274791159906,0.22135688401285764,0.3585220288395766,0.5275043325749457
6特征_论文参数,231,1.0379141262170326,0.7766519215585042,0.1957627446981209,0.3372956438924155,0.6335962992485542
6特征_论文参数,232,1.4284019351493549,0.8664970617068315,0.26941331300319304,0.3763148924846584,0.5776243431886618
6特征_论文参数,233,1.2149740709957828,0.7949814434839959,0.22915832135562364,0.34525605412058125,0.5473638115745519
6特征_论文参数,234,1.1724670052930577,0.8435502546514666,0.2211409915584485,0.3663492208032148,0.5993821015973089
6特征_论文参数,235,1.0734099419963494,0.803977474782289,0.20245767074906948,0.3491629808724589,0.6331477596667847
6特征_论文参数,236,1.1359455416234538,0.8034641255897408,0.2142526163183765,0.3489400361508457,0.556810161443673
6特征_论文参数,237,1.346881691282333,0.8510734491646701,0.25403764146663343,0.3696165026665839,0.5187772246329749
6特征_论文参数,238,1.1546009377986652,0.8038496999166822,0.21777124224940708,0.34910748895339994,0.6138179540100837
6特征_论文参数,239,1.1698713101891571,0.8154851245684671,0.22065141309997707,0.35416068967427117,0.6096026798185212
6+rg_论文参数,0,1.1303017828559945,0.8082736337515318,0.2131881373997218,0.3510287790061802,0.604697056659949
6+rg_论文参数,1,1.0758314089337757,0.7949806428411168,0.20291438773739498,0.3452557064057969,0.6358990012449381
6+rg_论文参数,2,1.1632266515190544,0.7980577197517467,0.21939815275214605,0.3465920639284753,0.5578095774118891
6+rg_论文参数,3,1.1957913208951179,0.8164158138311994,0.22554023030578751,0.3545648828854424,0.5312565489016208
6+rg_论文参数,4,1.1634603276963098,0.8168646099044237,0.21944222681248937,0.35475979254354356,0.6257265321399201
6+rg_论文参数,5,1.295838979183618,0.8593556760251397,0.2444103889176196,0.3732134280899568,0.4842265484927111
6+rg_论文参数,6,1.2069409970681702,0.8297493032142899,0.22764318964991687,0.36035554374903417,0.647169303049624
6+rg_论文参数,7,1.2606055633795425,0.830966301712523,0.2377649545712971,0.36088407948130136,0.5537670970984865
6+rg_论文参数,8,0.9708693343910928,0.7470080328597613,0.18311731273604004,0.3244214666083973,0.5514641119502592
6+rg_论文参数,9,0.9831463195380756,0.7562988838136164,0.18543289573879884,0.32845643190984214,0.6506815211541722
6+rg_论文参数,10,1.5932002003501364,0.9425901032318328,0.30049619346728246,0.40936168053020144,0.3940020666752111
6+rg_论文参数,11,1.326127910814696,0.9077604804796229,0.2501232357132259,0.3942353675621447,0.5080236927925526
6+rg_论文参数,12,1.0488903374614056,0.7593389553040447,0.19783298652768008,0.3297767181827266,0.612867916189781
6+rg_论文参数,13,1.4096353362895817,0.8596219282012253,0.265873712945115,0.37332905994082544,0.5085838166900758
6+rg_论文参数,14,1.2261160208902713,0.8225448174218035,0.23125982343324147,0.357226675324407,0.5575655451847348
6+rg_论文参数,15,1.0362500801624417,0.7466001172181366,0.19544888614785905,0.3242443110961577,0.6373623889615811
6+rg_论文参数,16,1.2637752211185513,0.8747771517823237,0.23836278909639755,0.37991088991410654,0.5442982781358336
6+rg_论文参数,17,1.1976607782066822,0.814781090333039,0.22589283182181244,0.35385493149075375,0.6160649804547056
6+rg_论文参数,18,0.9818283640395511,0.7732103855855302,0.18518431391563633,0.3358010038100814,0.6309494047964741
6+rg_论文参数,19,1.2230518179635967,0.816291240464347,0.23068187891925346,0.35451078135962627,0.5866664360887239
6+rg_论文参数,20,1.1204552419497613,0.7896603068926173,0.2113309646097029,0.34294511386149207,0.6044688310098834
6+rg_论文参数,21,1.2732661470280537,0.8504689839420967,0.2401528887384003,0.36935398675591785,0.5487339530118034
6+rg_论文参数,22,1.2115707609020578,0.8071412564512539,0.22851641726338942,0.350536993793237,0.5417033657265422
6+rg_论文参数,23,0.976500329050242,0.7561446663391849,0.1841793841945655,0.32838945611168346,0.645133721901405
6+rg_论文参数,24,1.5272668801438014,0.9462673057486477,0.2880603980535555,0.4109586692920949,0.46551351177401645
6+rg_论文参数,25,1.440891287518745,0.8894222511293506,0.2717689509481597,0.38627117574744524,0.5027424452628166
6+rg_论文参数,26,1.1678145879264448,0.8275891647677752,0.22026349122372532,0.3594174075415658,0.6363980411975643
6+rg_论文参数,27,1.1233790377839397,0.7789674393565874,0.21188242670370278,0.33830126049487186,0.48227475825585997
6+rg_论文参数,28,1.4704056274082493,0.8705114974831953,0.27733570068089675,0.3780583397902882,0.541106848628609
6+rg_论文参数,29,1.1713880219702812,0.7856177111388255,0.2209374826828924,0.34118943683305475,0.5900853633571548
6+rg_论文参数,30,1.0743546980800835,0.7585884640338204,0.20263586279728463,0.3294507839653516,0.6342450221289415
6+rg_论文参数,31,1.2336978680537083,0.8369483907734082,0.23268984849322003,0.36348206775069763,0.566169608231719
6+rg_论文参数,32,1.1746337817941581,0.8610911239715271,0.22154967095136593,0.37396712355670314,0.6133190873513461
6+rg_论文参数,33,1.1664550876099615,0.823082639077442,0.2200070735619456,0.3574602483016988,0.5888416673251169
6+rg_论文参数,34,1.5448960340086262,0.950584948780467,0.29138546268087895,0.41283379783564206,0.3952206019110366
6+rg_论文参数,35,1.1269513629190162,0.8163880889307917,0.21255620900970681,0.35455284211418403,0.5463125460608393
6+rg_论文参数,36,1.20534243283455,0.8285899279751063,0.22734168173703168,0.3598520334802015,0.5428768507801685
6+rg_论文参数,37,1.4160977804978399,0.89445403358778,0.2670926055140775,0.3884564511032787,0.5528461980705421
6+rg_论文参数,38,0.7687934648145083,0.6903875359330749,0.14500344005010288,0.2998314972305174,0.699754439222035
6+rg_论文参数,39,1.1426878385377488,0.8190309871618708,0.21552429238113785,0.35570063823217357,0.6283337384162618
6+rg_论文参数,40,1.1569968395986896,0.81217546894379,0.21822313735378288,0.35272332449947386,0.6158509007540772
6+rg_论文参数,41,1.0014592441163672,0.7938393017943944,0.18888692752075611,0.3447600282872357,0.5690752579990348
6+rg_论文参数,42,1.2504377884336817,0.8195838921623843,0.23584719328392612,0.35594076182291323,0.4687873364999401
6+rg_论文参数,43,1.3639279281312038,0.8204957895996365,0.25725276112636086,0.3563367938479736,0.548211639845898
6+rg_论文参数,44,1.6735573798720509,0.9677109647172947,0.31565249746397767,0.4202715320539935,0.43903385216777624
6+rg_论文参数,45,1.0826603486722832,0.7866041017278647,0.20420240565026493,0.34161782082287573,0.6022519463139152
6+rg_论文参数,46,1.2712926769078623,0.8611036354307338,0.23978066919002927,0.37397255721439715,0.5500685450575091
6+rg_论文参数,47,1.3139121080093834,0.861256479670915,0.24781919241575673,0.37403893662449855,0.5272663263546995
6+rg_论文参数,48,0.9673382374184936,0.7858470433980379,0.18245130654372552,0.3412890345677531,0.4809694036098666
6+rg_论文参数,49,1.4068035981079596,0.8926160329176354,0.2653396140011867,0.3876582175545004,0.4542145902779904
6+rg_论文参数,50,1.180080755828393,0.7847343186759929,0.22257703396754117,0.3408057843610916,0.5721574416903419
6+rg_论文参数,51,1.3590033552731855,0.8744476924487286,0.25632392908255275,0.37976780754351463,0.5272410726958041
6+rg_论文参数,52,1.4554162064308227,0.8506416688653593,0.2745085205531228,0.3694289828651987,0.4615636117550731
6+rg_论文参数,53,0.9291543226762686,0.7277828810002365,0.1752493735856477,0.31607208924205366,0.6565618767400079
6+rg_论文参数,54,1.3108255008751444,0.8932932223136616,0.24723702220615973,0.387952317172398,0.629421874747897
6+rg_论文参数,55,1.2741564331242845,0.8237184800166587,0.24032080710983622,0.35773639051296885,0.5763552077686023
6+rg_论文参数,56,1.192610382820105,0.8074274842092848,0.22494026817737048,0.35066130092911735,0.5756318492577273
6+rg_论文参数,57,0.9899369476215929,0.7464113494204567,0.18671368762540577,0.3241623302832643,0.57393204637452
6+rg_论文参数,58,0.9966383336431113,0.7953024560060682,0.18797764741525425,0.34539546808753907,0.6058645058708717
6+rg_论文参数,59,1.432278677275426,0.9533476283593378,0.27014451191446776,0.41403361433201247,0.5017817313310344
6+rg_论文参数,60,0.9650954855930427,0.7528272152235695,0.18202829731595135,0.326948705398188,0.6721873651025743
6+rg_论文参数,61,1.319198466486137,0.8895721601845074,0.24881626145906893,0.38633628042288715,0.5407856921620123
6+rg_论文参数,62,1.0243314079318022,0.794250095861804,0.19320088515231293,0.3449384338839102,0.6178671206758721
6+rg_论文参数,63,1.2502645773611707,0.8229332902823143,0.23581452364959862,0.357395386944096,0.5700784698544819
6+rg_论文参数,64,0.9270762118697644,0.7234950615754957,0.17485741757985476,0.31420991292649114,0.5892672734481832
6+rg_论文参数,65,0.8798341227720345,0.7303206593561598,0.16594700698475806,0.31717423237832465,0.6494225894639758
6+rg_论文参数,66,0.9748679678052695,0.7568307577151671,0.18387150177001524,0.32868742181035393,0.6743787415702187
6+rg_论文参数,67,0.8213511876144077,0.7225770083806762,0.1549164413384579,0.3138112074898874,0.6442256105906202
6+rg_论文参数,68,1.4588574057193617,0.8986856902651896,0.2751575709906893,0.39029423624758675,0.5338335105698462
6+rg_论文参数,69,1.5553774007063657,0.9043705196286727,0.2933623710407406,0.392763126270709,0.4325785833988428
6+rg_论文参数,70,1.301234800616652,0.866739810108777,0.2454281039548758,0.37642031677611415,0.5265657438217918
6+rg_论文参数,71,1.3548078818657419,0.8731250706822662,0.2555326137234077,0.3791934002086949,0.43394204522146496
6+rg_论文参数,72,1.3305511940836363,0.8573566072875813,0.2509575186769439,0.37234524356828985,0.4509306096990672
6+rg_论文参数,73,1.0353364897707418,0.7668209589747692,0.19527657231370701,0.33302611109050206,0.6557647496587432
6+rg_论文参数,74,1.1457107494210959,0.819817477411078,0.21609444873276082,0.35604220660747493,0.6028149422696101
6+rg_论文参数,75,1.2729757593582551,0.8613637699766379,0.24009811822720833,0.37408553221223567,0.5325231928916732
6+rg_论文参数,76,1.155903497538592,0.8168171111494571,0.21801692025241368,0.3547391640963643,0.5365203906576401
6+rg_论文参数,77,1.5051614424783648,0.9158940897285613,0.283891053942293,0.39776774917691593,0.3751259169840049
6+rg_论文参数,78,1.2439554497906604,0.875172393227027,0.23462454839186192,0.3800825410925606,0.5778200261926043
6+rg_论文参数,79,1.0427247550978656,0.828949092989643,0.1966700855750279,0.3600080168641075,0.543576437666435
6+rg_论文参数,80,1.1617566217679827,0.822905574473294,0.21912088794613885,0.357383350121177,0.6181581867372321
6+rg_论文参数,81,1.0926555719983577,0.7726410518487968,0.2060876216838059,0.3355537453098567,0.6110844025451052
6+rg_论文参数,82,0.9567340744798234,0.7212177753578273,0.18045123737647528,0.31322090008844344,0.5988191884320417
6+rg_论文参数,83,0.9980014203609169,0.7469800274122338,0.18823474151427355,0.3244093039970729,0.649804214709351
6+rg_论文参数,84,1.2423793554028664,0.8330295287319585,0.2343272785547296,0.3617801275907559,0.5029513751330188
6+rg_论文参数,85,1.1472608337014847,0.8223756153330659,0.21638681275939597,0.35715319179094174,0.5344281834944202
6+rg_论文参数,86,1.1987485206814674,0.7948893942147791,0.2260979927758933,0.3452160776308972,0.5668929844175654
6+rg_论文参数,87,1.1770768828805267,0.8196537160075431,0.22201046839323682,0.355971085933571,0.5186809388291386
6+rg_论文参数,88,1.2390805396540776,0.8261630310096091,0.2337050833182219,0.3587980455199383,0.560664382179796
6+rg_论文参数,89,1.2092779833174734,0.8152721994880701,0.22808397259229077,0.3540682174867959,0.5713504640083026
6+rg_论文参数,90,1.478882330912449,0.8922622976691064,0.27893450611388815,0.3875045922880096,0.4827496743148757
6+rg_论文参数,91,0.984446950633562,0.7926627291572341,0.18567820997690462,0.3442490492833586,0.5727644185408582
6+rg_论文参数,92,1.4007947830861793,0.9170359658221374,0.26420628120289985,0.3982636596633733,0.48711126225627066
6+rg_论文参数,93,1.2694015982402624,0.8874131120932967,0.2394239896333508,0.38539861775071055,0.5708692136605893
6+rg_论文参数,94,1.0663228888873904,0.7888216214114733,0.2011209696353773,0.34258087738497883,0.6280020882265114
6+rg_论文参数,95,1.2888242692539018,0.8716285679964941,0.2430873325737316,0.3785434773501107,0.5750049289954716
6+rg_论文参数,96,1.5604550405867603,0.931826644968319,0.29432007331539567,0.40468717000016147,0.5475153987523327
6+rg_论文参数,97,0.9428787985686533,0.7511326237329183,0.17783797027430537,0.3262127536647179,0.6557464188237887
6+rg_论文参数,98,1.390743901764123,0.8556309400647741,0.26231056742028447,0.37159579581582336,0.6308189578861874
6+rg_论文参数,99,1.6408608048130813,0.9842279371319476,0.3094855409556378,0.42744476203142545,0.4914152732745526
6+rg_论文参数,100,1.0098378917668829,0.7552679621248445,0.19046723847278224,0.32800870830913414,0.6320333473233618
6+rg_论文参数,101,1.3040557293434152,0.865657559880867,0.2459601641091794,0.3759503014740943,0.5127715852961862
6+rg_论文参数,102,1.3149463311976142,0.8550900325816202,0.2480142590063777,0.3713608826806694,0.5136538912279406
6+rg_论文参数,103,1.2695011735166193,0.8943473681006231,0.23944277069520487,0.3884101268707969,0.49405032429883244
6+rg_论文参数,104,1.019515957692432,0.7778154041627761,0.19229263491079035,0.3378009379672412,0.6792723889831667
6+rg_论文参数,105,1.2363991850090614,0.8494537393138448,0.23319934846833543,0.36891307161608616,0.47750566225832114
6+rg_论文参数,106,1.1748507837993702,0.8324516280880749,0.2215906000678239,0.36152914853002893,0.5868918650250081
6+rg_论文参数,107,1.0071347803054114,0.7776410854676898,0.18995740003282255,0.3377252323198727,0.506476228311602
6+rg_论文参数,108,1.3668981088650174,0.8870610490388529,0.2578129719549967,0.38524571870888363,0.501918485855631
6+rg_论文参数,109,0.9667852318375356,0.7454724234713344,0.18234700322264416,0.3237545599246447,0.6527375780901883
6+rg_论文参数,110,1.398396772318027,0.862677058691947,0.26375398832246655,0.37465588625444024,0.590777334616982
6+rg_论文参数,111,1.3978462524974633,0.8528203737963986,0.26365015384487145,0.37037518239444445,0.5045219947595216
6+rg_论文参数,112,1.3260471432281908,0.8538044912285271,0.2501080020016717,0.37080257916476267,0.5664982618460159
6+rg_论文参数,113,1.1818240733872738,0.8148055515822148,0.2229058440507518,0.3538655548762913,0.5115146740167718
6+rg_论文参数,114,0.8888637147429188,0.7049810434410777,0.16765009364970898,0.3061693770128567,0.6477191974180916
6+rg_论文参数,115,1.1212754795654196,0.8588838799147416,0.21148567101834498,0.37300852964262743,0.5816361536051005
6+rg_论文参数,116,1.095353710170958,0.7996198173245087,0.20659652210331186,0.34727047428452035,0.582749974835439
6+rg_论文参数,117,1.4446915904526654,0.8857689338051747,0.2724857325336847,0.3846845601929141,0.48628258139783
6+rg_论文参数,118,1.5492845485088464,0.9795437578304562,0.29221318784812556,0.42541044880854234,0.47218315622214346
6+rg_论文参数,119,0.9446028842501292,0.7562667742590283,0.17816315300048194,0.3284424869074682,0.5552968019245075
6+rg_论文参数,120,1.4047466855480844,0.9059865852459454,0.26495165623266415,0.39346497465068414,0.45629285028053146
6+rg_论文参数,121,1.3324256739680607,0.9156641422191678,0.25131106750895926,0.39766788424245897,0.5702977250681658
6+rg_论文参数,122,1.185589841053861,0.8205635568392401,0.2236161118808983,0.3563662247861873,0.5134314580188672
6+rg_论文参数,123,1.2767025333645448,0.8209996245046506,0.2408010313969134,0.35655560656701146,0.5325787270961381
6+rg_论文参数,124,1.6234995584219432,0.9797580741356153,0.3062110068115685,0.4255035251972548,0.5817644679628236
6+rg_论文参数,125,1.0773427698155988,0.8260600670796256,0.2031994480781126,0.35875332885331146,0.5591612200748426
6+rg_论文参数,126,1.1555111576926491,0.7595979565953732,0.21794292036826513,0.32988920101435637,0.5975499063176144
6+rg_论文参数,127,1.0452588895898183,0.7800760341165189,0.19714805298201077,0.33878271708177693,0.5515598524461179
6+rg_论文参数,128,1.2721493337316936,0.806038303209054,0.23994224468732867,0.3500579872863523,0.6228257216315095
6+rg_论文参数,129,1.1441510842861713,0.8041679166125063,0.21580027764489285,0.3492456887084458,0.49964578086687694
6+rg_论文参数,130,1.2386316406257816,0.8262848888449249,0.23362041571070813,0.35885096770539265,0.5495688647892873
6+rg_论文参数,131,1.050048182837899,0.7814448533783265,0.19805136970901752,0.33937718773390285,0.6101484335711027
6+rg_论文参数,132,1.4582084248473963,0.9083739495889825,0.27503516560709984,0.39450179381115774,0.5081338849568031
6+rg_论文参数,133,1.0685183806085372,0.7965908865775594,0.20153506505467775,0.34595502637505315,0.5763127326351005
6+rg_论文参数,134,1.1946154578660013,0.8290536050728426,0.22531844878441262,0.3600534058851333,0.6118571929585407
6+rg_论文参数,135,1.1130053457957283,0.7961437199031571,0.20992582705353044,0.34576082435586925,0.6285744891421599
6+rg_论文参数,136,1.1101113656282728,0.7517227588282414,0.20937998854302872,0.32646904608019417,0.6466298167134459
6+rg_论文参数,137,1.0772738000624793,0.7825759138245956,0.20318643957593427,0.33986840104441657,0.6057996853173607
6+rg_论文参数,138,1.0036193316246536,0.8112774315263052,0.18929434529138758,0.35233331180451755,0.6177782508965904
6+rg_论文参数,139,1.1054018415980913,0.8134201040491027,0.2084917172235792,0.3532638626576942,0.574050475156771
6+rg_论文参数,140,1.1311402171039568,0.7574027240452603,0.21334627590606264,0.32893582363134793,0.5444637827522395
6+rg_论文参数,141,0.9556118542593222,0.7310486156926012,0.1802395735162658,0.31749037979830763,0.6058194299525992
6+rg_论文参数,142,1.0073390874431336,0.7519861823981371,0.18999593474877993,0.32658344948300316,0.578530462040624
6+rg_论文参数,143,1.3793816789882607,0.8234516108306675,0.2601675193007051,0.35762049069810287,0.5407162786219798
6+rg_论文参数,144,1.419353496611632,0.9033728163533844,0.26770667165528783,0.3923298292436745,0.46904926263817237
6+rg_论文参数,145,1.0071469378519107,0.7335196141389922,0.1899596930882993,0.3185635207883668,0.6049966817856531
6+rg_论文参数,146,1.3968762505783054,0.8751001914672223,0.2634672001367946,0.38005118426669376,0.5508705311882891
6+rg_论文参数,147,1.0364988348516468,0.8131315530100145,0.19549580419192963,0.35313854653367077,0.5849718724379007
6+rg_论文参数,148,1.2947484522746806,0.8486719140212802,0.24420470278668807,0.3685735292057129,0.5696365810876461
6+rg_论文参数,149,1.4723154312568372,0.8829578995392551,0.2776959120257382,0.38346374352278423,0.5206954064715599
6+rg_论文参数,150,1.04463071709636,0.7391737600086214,0.1970295723020036,0.32101908513942284,0.6556663793762778
6+rg_论文参数,151,1.365148647989483,0.8467874606121015,0.2574830031704067,0.3677551214887029,0.5509836723606167
6+rg_论文参数,152,1.2900735068130769,0.8709255242436209,0.24332295338973825,0.3782381493277013,0.5442920004725007
6+rg_论文参数,153,1.4443230071480988,0.8954500864198656,0.27241621341112027,0.38888903135193753,0.4979736248457738
6+rg_论文参数,154,1.2276546350745035,0.8334883137938977,0.23155002406557565,0.36197937541153574,0.5767128397141881
6+rg_论文参数,155,1.4370416761451597,0.9511546174128737,0.2710428692141526,0.41308120177920965,0.5387574015126302
6+rg_论文参数,156,1.1780310851059013,0.8242153044880265,0.22219044209425698,0.35795215863935836,0.5008644201493224
6+rg_论文参数,157,1.2304007950102682,0.782531477267148,0.23206798195132555,0.3398491024927223,0.48435315725913186
6+rg_论文参数,158,0.9527210036653124,0.7342835470428896,0.17969432527992257,0.31889529263307376,0.6643190982646585
6+rg_论文参数,159,0.9115594899278606,0.691875328214024,0.17193078232233494,0.3004776372083518,0.7018247857278419
6+rg_论文参数,160,1.5513476678394647,0.911010415048232,0.2926023162862109,0.3956467962118383,0.4758840175655533
6+rg_论文参数,161,1.4947225323334634,0.9301500105652982,0.28192215338491144,0.40395901693076036,0.5485272884730013
6+rg_论文参数,162,1.4399209638732193,0.8958092896369619,0.27158593655872665,0.3890450313270044,0.4375050641032786
6+rg_论文参数,163,0.9081396135218591,0.7486403001116547,0.17128575362982904,0.325130351268886,0.7119149471702318
6+rg_论文参数,164,1.1421629677710472,0.7831257478691502,0.21542529561511847,0.34010719093592917,0.6188824878805068
6+rg_论文参数,165,1.378346403326378,0.8627027986079492,0.25997225420124254,0.3746670649579247,0.522756348229362
6+rg_论文参数,166,0.9124814110889208,0.6809532818912591,0.17210466743703343,0.29573425275928333,0.7032063843172935
6+rg_论文参数,167,1.435638842014881,0.8877714565538816,0.27077827828821494,0.38555424477256317,0.44503971079811266
6+rg_论文参数,168,1.1867766044900974,0.8229142917250107,0.22383994934655818,0.35738713597549493,0.5577208160729357
6+rg_论文参数,169,1.1153005778259533,0.8121897482077349,0.2103587346617866,0.3527295259050108,0.5407181826529823
6+rg_论文参数,170,1.118371588181368,0.8435915287123041,0.2109379631364616,0.3663671459000823,0.6684111968488109
6+rg_论文参数,171,1.145278709368818,0.8323034332377063,0.21601296092532368,0.36146478832426737,0.5398265145738047
6+rg_论文参数,172,1.3936290819693817,0.8776115840982799,0.2628547461549826,0.3811418682282545,0.4403389446955869
6+rg_论文参数,173,1.3513646159930497,0.8609733574560384,0.25488317350389705,0.3739159782088734,0.589769211776864
6+rg_论文参数,174,1.2976677147125337,0.871432706704397,0.2447553098291138,0.37845841587173445,0.6002891978919087
6+rg_论文参数,175,1.1125974795757294,0.7926108906314877,0.20984889871362275,0.3442265360976769,0.5421885300531042
6+rg_论文参数,176,1.1432069940607175,0.7900591525182343,0.21562221118533792,0.3431183303158288,0.6005296178522581
6+rg_论文参数,177,0.9662167823006114,0.7489509712011813,0.1822397869908194,0.32526527400875427,0.6330578748900557
6+rg_论文参数,178,1.3255101659547244,0.8419915042602764,0.2500067218068665,0.36567226410965636,0.48974066295505814
6+rg_论文参数,179,0.9873988535852493,0.7701871725720566,0.18623497340203593,0.3344880390807117,0.705493767259531
6+rg_论文参数,180,0.8343437379737337,0.7301233906028894,0.15736698831023924,0.3170885596473274,0.7106031297246269
6+rg_论文参数,181,1.1793335240964034,0.8121697451481824,0.22243609732250966,0.3527208386866259,0.6165623629008774
6+rg_论文参数,182,1.2547422727279554,0.8739134619588184,0.23665906937142892,0.37953579418968214,0.550041256752033
6+rg_论文参数,183,1.2409719456509016,0.8516495670028169,0.23406182461302083,0.3698667074646171,0.5991485226750817
6+rg_论文参数,184,1.1518884010519548,0.8387848973384647,0.21725962609040367,0.3642796524178808,0.6022150819844645
6+rg_论文参数,185,0.8913203020934634,0.6872777147873316,0.16811343475875246,0.298480919067215,0.6174925592904938
6+rg_论文参数,186,1.4419948466233414,0.9229860048848469,0.27197709510363033,0.4008477287954168,0.5745658813276613
6+rg_论文参数,187,1.200547478924785,0.8664753500942746,0.22643729734301846,0.3763054632511317,0.5410601734078664
6+rg_论文参数,188,1.2671991833423781,0.8224556110325641,0.23900858842193717,0.3571879334818098,0.495706190816103
6+rg_论文参数,189,1.3599467171410093,0.8429749448327866,0.25650185816533905,0.3660993669235773,0.6176598989474353
6+rg_论文参数,190,0.8938205704794101,0.7241525607337227,0.16858501462201037,0.31449546118276517,0.6381907547901133
6+rg_论文参数,191,1.1811746096022835,0.825655103572178,0.22278334758411722,0.3585774554366547,0.5785149321296229
6+rg_论文参数,192,1.1878882077413655,0.8416473551839371,0.2240496107221835,0.3655228020648501,0.5864749454012542
6+rg_论文参数,193,1.007040635450023,0.7808687037572565,0.18993964321188284,0.3391269691327215,0.5448456872417804
6+rg_论文参数,194,1.1522267739508394,0.8292994879112234,0.21732344717708504,0.3601601914450368,0.6559880762347361
6+rg_论文参数,195,1.2658796481822585,0.8369868279887924,0.23875970865612053,0.3634987608212387,0.602606663963688
6+rg_论文参数,196,1.56999943189206,0.9036660461982664,0.29612025715643114,0.3924571773472361,0.391576232015468
6+rg_论文参数,197,1.1306338463166765,0.8238210140961799,0.2132507684525566,0.35778092049791194,0.6003635718758056
6+rg_论文参数,198,1.3067680806290778,0.8133116868079449,0.24647174528805985,0.3532167776481162,0.5561539250704848
6+rg_论文参数,199,1.285584779970646,0.8603857425450764,0.24247632700256577,0.37366078029555855,0.47136984059346143
6+rg_论文参数,200,1.3676737269580945,0.8814296973155122,0.25795926259976487,0.38280005372978043,0.5169877947679943
6+rg_论文参数,201,1.1527236799091278,0.8342149885816346,0.217417169453133,0.3622949662619881,0.5395810089420772
6+rg_论文参数,202,1.1609180659263325,0.8784424307487326,0.21896272650580623,0.381502700343854,0.4489265906687129
6+rg_论文参数,203,1.0151583305668943,0.7320000781405536,0.19147073546369883,0.31790359468919155,0.6400995647322668
6+rg_论文参数,204,1.3561961133822442,0.8637926245057506,0.2557944504255802,0.37514037033157505,0.4957400840264581
6+rg_论文参数,205,1.0196516815783845,0.774220922940764,0.19231823402324486,0.3362398746072165,0.5778403178545255
6+rg_论文参数,206,1.124308996127654,0.8111734479144888,0.21205782772506085,0.35228815229569727,0.5676921300845785
6+rg_论文参数,207,0.9747129917111967,0.7766866715928001,0.18384227146591595,0.3373107356405562,0.5407828960386571
6+rg_论文参数,208,1.3318704222979898,0.9009024907593777,0.25120634054919866,0.391256980469693,0.6229117565124629
6+rg_论文参数,209,1.3785346510040353,0.8523775596384988,0.260007759915184,0.37018287064915995,0.4906069969993404
6+rg_论文参数,210,1.191697625549578,0.8324700399518357,0.22476811147961667,0.3615371447008618,0.5464275037842904
6+rg_论文参数,211,0.9407500260808008,0.7306324578674679,0.17743645888281986,0.3173096447512514,0.5790277058879102
6+rg_论文参数,212,1.1977960874660911,0.7774206584857959,0.22591835273085095,0.33762950209797354,0.5722535411994452
6+rg_论文参数,213,1.1732874672947866,0.8279881878422919,0.22129574028892812,0.35959070106098046,0.5650052556128641
6+rg_论文参数,214,0.9181928646253935,0.7363406021497292,0.1731819143809505,0.3197886603149451,0.5972006718578897
6+rg_论文参数,215,1.0601403426674,0.8022418903832593,0.19995486910097218,0.3484092261450829,0.598957087470817
6+rg_论文参数,216,0.9816580098151899,0.7668791994130157,0.18515218311628648,0.33305140459145616,0.6079013187095939
6+rg_论文参数,217,1.2419332372483929,0.8618491117427144,0.23424313545254666,0.3742963134630799,0.5979075753587592
6+rg_论文参数,218,1.249959373575402,0.7869280394774808,0.2357569586456304,0.3417585052000142,0.623828026722461
6+rg_论文参数,219,0.964703862589435,0.76537863517699,0.1819544326366521,0.33239971782400884,0.6234070417925847
6+rg_论文参数,220,1.3048719469407977,0.8557681826456978,0.24611411229535243,0.37165539951140064,0.40499137815052455
6+rg_论文参数,221,1.3673976756029393,0.8625991213129539,0.2579071960852067,0.37462203848080955,0.5153252726142238
6+rg_论文参数,222,1.0952255688331367,0.8231813926262463,0.20657235314812805,0.35750313642301296,0.5768180727809851
6+rg_论文参数,223,1.2518313104754064,0.8715287836257877,0.2361100278410389,0.3785001415485327,0.5943885998445477
6+rg_论文参数,224,1.0175745591822296,0.7543178665461979,0.19192646444320524,0.32759608704204723,0.603313019828185
6+rg_论文参数,225,0.931338954674961,0.7499708519823236,0.17566142073426694,0.3257082026042036,0.6090952760430753
6+rg_论文参数,226,1.0009186992751011,0.7638410669947171,0.18878497444093403,0.3317319604468977,0.6353184076969517
6+rg_论文参数,227,1.557145933480424,0.9090951143704487,0.2936959370084764,0.3948149916962914,0.5216926690232986
6+rg_论文参数,228,1.140494621192076,0.7756051301634626,0.21511062593565516,0.33684102816584516,0.5825879877492774
6+rg_论文参数,229,1.0276834270911053,0.7945451508848553,0.19383311517436452,0.34506657465227925,0.5976094469658874
6+rg_论文参数,230,1.2337772472609563,0.836122897619956,0.2327048203402065,0.3631235606293044,0.5032816806669242
6+rg_论文参数,231,1.0402723716807343,0.7960732518613234,0.19620753737699964,0.3457302204741503,0.6327637931255958
6+rg_论文参数,232,1.401956702830497,0.874310454010992,0.2644254328576669,0.3797082056473006,0.5854441466314779
6+rg_论文参数,233,1.2391489807739882,0.7927839174666138,0.2337179921139936,0.34430168069739336,0.5383574967249127
6+rg_论文参数,234,1.318657579120016,0.899159722574172,0.2487142437750527,0.3905001058636216,0.5494305377678425
6+rg_论文参数,235,1.2037190954109875,0.8509562538505344,0.22703550131075112,0.36956560538834987,0.5886128592566231
6+rg_论文参数,236,1.1961540405178908,0.8425544716600323,0.22560864346937812,0.36591675774486176,0.533319779266893
6+rg_论文参数,237,1.4318418214362338,0.887627450487845,0.27006211579328826,0.3854917037327229,0.48842210889205306
6+rg_论文参数,238,1.239665243141868,0.8352000528822388,0.23381536523530266,0.3627227742520604,0.5853662990679176
6+rg_论文参数,239,1.1751029578379653,0.8253154919883788,0.22163816304118558,0.35842996399982036,0.6078568286257963
6+rg_优化参数,0,0.9417095298983905,0.7184660533867788,0.17761743252614456,0.31202584242068515,0.6706538425520318
6+rg_优化参数,1,0.9426570749242656,0.764341164939321,0.1777961506014698,0.3319491502246503,0.6809701040392494
6+rg_优化参数,2,0.9451440001467739,0.7391394191800691,0.17826521378802807,0.3210041711070786,0.6407117870917579
6+rg_优化参数,3,0.96785902285792,0.7550490656793751,0.1825495327692347,0.3279136427907586,0.6206047237309574
6+rg_优化参数,4,1.029288430441561,0.7338237020589142,0.19413583758000333,0.31869558449400237,0.6688882799704907
6+rg_优化参数,5,1.1731708030545627,0.8117478827007437,0.22127373604859893,0.3525376261535811,0.5330512787319932
6+rg_优化参数,6,1.1257505315687417,0.7744582328390822,0.2123297181709068,0.33634293698655715,0.6709040909120589
6+rg_优化参数,7,1.0749500816530786,0.7859325872406735,0.20274815910336005,0.34132618578657054,0.6194859761491858
6+rg_优化参数,8,0.8939284499572133,0.7197918898697567,0.16860536195339157,0.31260164588914846,0.5870103453149447
6+rg_优化参数,9,0.7459622551828662,0.6642100056295385,0.14069720685665096,0.28846274026983637,0.7349546094224175
6+rg_优化参数,10,1.2727859154205234,0.8402237297425909,0.2400623114399454,0.36490452939137635,0.5158765143638397
6+rg_优化参数,11,1.1654009537071857,0.8518328226356344,0.21980825157766556,0.3699462943747274,0.5676513155743281
6+rg_优化参数,12,1.0523289417284836,0.7614252499138985,0.19848154751384503,0.33068278441941057,0.6115987710868387
6+rg_优化参数,13,1.2604282134596545,0.8054590198349925,0.23773150430194215,0.34980640771353905,0.5605992514171427
6+rg_优化参数,14,1.1379447485409955,0.7901097932755881,0.2146296901277714,0.3431403233173069,0.5893814648428886
6+rg_优化参数,15,1.0198564002290147,0.7522286132218704,0.19235684635535014,0.32668873585199376,0.6430993872412383
6+rg_优化参数,16,1.1297404655703103,0.8276525979352464,0.21308226639390696,0.3594449562161682,0.5926295540401951
6+rg_优化参数,17,1.0260816565688176,0.753724795143158,0.19353100251793268,0.3273385194043324,0.6710682289690606
6+rg_优化参数,18,0.9459961345539787,0.7346620847650299,0.17842593630465295,0.31905968947699154,0.644418057876237
6+rg_优化参数,19,1.01618322848112,0.7631965972291022,0.19166404319856462,0.3314520707839376,0.6565782174999639
6+rg_优化参数,20,0.8382728707613314,0.6811359261246424,0.158108068713092,0.2958135741419931,0.7040818445117356
6+rg_优化参数,21,1.0523134359307877,0.742884013469405,0.1984786229390281,0.3226304277439036,0.627043155483666
6+rg_优化参数,22,0.9904611801297944,0.7289546850870696,0.18681256400840632,0.31658099729083694,0.625341713517386
6+rg_优化参数,23,0.8686287209361925,0.7063996549330025,0.16383353712880283,0.3067854721557642,0.6843349335601606
6+rg_优化参数,24,1.2743645195374058,0.843228468104106,0.24036005464134008,0.3662094706813454,0.554019912549136
6+rg_优化参数,25,1.334052852226662,0.8693528939110338,0.25161797236165445,0.377555164652185,0.5396128320473552
6+rg_优化参数,26,0.9997848759279582,0.7557474520394507,0.188571122095318,0.32821694813317587,0.6887145073997376
6+rg_优化参数,27,1.0995892905050746,0.7595900145763579,0.20739540209795862,0.32988575183932284,0.4932386023785693
6+rg_优化参数,28,1.2820099167429717,0.8377597247753268,0.24180206598260973,0.36383442563071133,0.5999025304190996
6+rg_优化参数,29,1.0266401139225043,0.7479131701057845,0.19363633410712014,0.3248145627197103,0.6407383365986054
6+rg_优化参数,30,1.0340581800655233,0.7626584774023313,0.19503546815089934,0.33121836831256835,0.6479636311516737
6+rg_优化参数,31,1.1294700844924992,0.8245680275597853,0.21303126935998118,0.3581053443230632,0.6028213536439356
6+rg_优化参数,32,1.0481637600255702,0.8217281155256699,0.19769594552449682,0.3568719861975563,0.6549521002938792
6+rg_优化参数,33,1.0674925417417849,0.7709300049872809,0.2013415798451591,0.3348106470996225,0.6237245151849453
6+rg_优化参数,34,1.2168539949709956,0.827138012067566,0.22951289700684133,0.3592214744133692,0.5236389954790964
6+rg_优化参数,35,0.9621873531570818,0.7492513143935365,0.18147978952207025,0.3253957113998714,0.6126431496248466
6+rg_优化参数,36,1.0708085602018858,0.7788081934992224,0.20196701971424058,0.33823210089775224,0.5938984906555355
6+rg_优化参数,37,1.3640738592203518,0.8359479431144973,0.25728028543673187,0.3630475788529996,0.5692735200470862
6+rg_优化参数,38,0.7568100828946243,0.6873807141850538,0.14274323405025527,0.29852565113728513,0.704434444176838
6+rg_优化参数,39,1.0830430939374835,0.7887247661353731,0.20427459588425753,0.3425388136730253,0.6477335591731405
6+rg_优化参数,40,1.1196113812343382,0.7856514477944632,0.21117180260812551,0.3412040884764361,0.6282637178543754
6+rg_优化参数,41,0.81935403622546,0.7360053394872073,0.15453975522579935,0.3196430575906236,0.6474345523871575
6+rg_优化参数,42,1.029205563013785,0.750515719212761,0.1941202078138235,0.3259448354357524,0.5627715081271891
6+rg_优化参数,43,1.1924173313347242,0.7984124342460575,0.22490385640910218,0.3467461144760056,0.6050229197365455
6+rg_优化参数,44,1.4738499968562497,0.9020280594416352,0.27798534904761907,0.39174580873740056,0.5059745395271743
6+rg_优化参数,45,1.025031771002922,0.77636947285742,0.19333298181968112,0.3371729779801139,0.6234235488694126
6+rg_优化参数,46,1.150659542217828,0.8173396331814109,0.21702784894031132,0.35496609253151473,0.5927626018952914
6+rg_优化参数,47,1.112346781998429,0.769789254183402,0.2098016142181314,0.3343152253202712,0.5997877046598538
6+rg_优化参数,48,0.8141067318036066,0.7215579641266775,0.15355005223405704,0.31336864219356053,0.563186601967803
6+rg_优化参数,49,1.299620524197286,0.8656971652767229,0.24512363253997332,0.3759675018789681,0.4957974793097485
6+rg_优化参数,50,1.053986670658719,0.7250856164655647,0.19879421458056198,0.3149006821384123,0.6178733096258702
6+rg_优化参数,51,1.4400833476636503,0.8874985598091231,0.27161656404100704,0.3854357272221852,0.49903563075953816
6+rg_优化参数,52,1.3616815742956132,0.7974727471291275,0.2568290725173416,0.34633801354640736,0.4962410714104929
6+rg_优化参数,53,0.8142537767637648,0.6857496539880963,0.1535777866335295,0.29781729069409446,0.6990319238427083
6+rg_优化参数,54,1.2593613318364156,0.8518118508891553,0.23753027794847256,0.3699371864609557,0.6439710998486421
6+rg_优化参数,55,1.2864183411664545,0.8471597995625095,0.24263354639427026,0.36791682624026273,0.5722782409615139
6+rg_优化参数,56,1.1823847494852993,0.7794127382077187,0.22301159412107424,0.33849465132871603,0.5792704500706758
6+rg_优化参数,57,0.9887155572775923,0.7213279307904271,0.1864833191199102,0.31326873998497323,0.5744577316575035
6+rg_优化参数,58,0.7980147268262918,0.7040989691873866,0.15051491186696636,0.3057862970318497,0.6844131737033594
6+rg_优化参数,59,1.184738334553959,0.8650915594751301,0.22345550779493537,0.37570449062112776,0.5878886621491461
6+rg_优化参数,60,1.0589987885583538,0.797399294122016,0.1997395586432344,0.3463061133107396,0.640291361411588
6+rg_优化参数,61,1.2607228633291407,0.8740600473180276,0.2377870787138502,0.37959945540231455,0.5611411082054185
6+rg_优化参数,62,0.9823178431232932,0.7581143670120916,0.18527663539627262,0.329244886244928,0.6335405290734162
6+rg_优化参数,63,1.184737625661763,0.8121645874693184,0.22345537408957528,0.3527185987351559,0.5926108584788481
6+rg_优化参数,64,0.8991447580120608,0.7231803452042569,0.1695892186677517,0.3140732333430975,0.601642051327979
6+rg_优化参数,65,0.7654584072628896,0.66738862689641,0.1443744091856607,0.289843197946099,0.6949965688466672
6+rg_优化参数,66,0.9615527056741822,0.7554172476216097,0.1813600875833164,0.32807354217660745,0.6788262488785244
6+rg_优化参数,67,0.7453741319147428,0.6712805507691155,0.1405862799289982,0.29153343900800255,0.67713563861308
6+rg_优化参数,68,1.4110705283979148,0.8695563105823993,0.2661444069642054,0.37764350739008623,0.5491034339732126
6+rg_优化参数,69,1.37108275707924,0.8663087974895154,0.25860224555607786,0.3762331303739382,0.4998116084584958
6+rg_优化参数,70,1.2451759536203721,0.8445797864061899,0.23485474969039302,0.3667963407632353,0.5469618925547601
6+rg_优化参数,71,1.2517835809917726,0.838321027952982,0.23610102550213324,0.3640781965034418,0.4769870598141588
6+rg_优化参数,72,1.1757120726164776,0.8105119937917957,0.22175304921323566,0.35200088642017957,0.5148270027102788
6+rg_优化参数,73,1.1592272761011477,0.8031098012281943,0.21864382376758815,0.34878615503582217,0.6145727543327926
6+rg_优化参数,74,1.0496696633777245,0.7600786680875249,0.1979799765112821,0.3300979713627853,0.636109632333311
6+rg_优化参数,75,1.2049559398491456,0.8261945857210599,0.2272687846391715,0.35881174955699946,0.5575022137492528
6+rg_优化参数,76,1.1715216286691266,0.8067496498914023,0.22096268246909373,0.35036692122521634,0.5302580293701693
6+rg_优化参数,77,1.2057372947831886,0.8197935400142354,0.22741615731924975,0.3560318107281151,0.49943310719198064
6+rg_优化参数,78,1.0880164900934552,0.8201883393030996,0.20521263657314637,0.35620326988072815,0.6307433892693106
6+rg_优化参数,79,0.9660334798844795,0.7677485952079763,0.18220521401104645,0.33342897838779745,0.5771458958208184
6+rg_优化参数,80,1.0873744540468582,0.7849835132099009,0.20509154106485508,0.34091400817208833,0.6426058389088432
6+rg_优化参数,81,0.9329996475903556,0.7319209421853982,0.17597464684325467,0.3178692263805474,0.6679117146639557
6+rg_优化参数,82,0.9756208008210703,0.7100005302558426,0.1840134948826918,0.3083493124384952,0.5908995455515862
6+rg_优化参数,83,1.009649509128296,0.748366933795475,0.19043170730363085,0.32501162978623094,0.6457169343610403
6+rg_优化参数,84,1.2598976541738374,0.8193745351697932,0.2376314346146789,0.3558498392362831,0.49594268952000287
6+rg_优化参数,85,1.119215488455398,0.8137066751849412,0.21109713259925497,0.35338831892066164,0.5458093114360232
6+rg_优化参数,86,1.042175526048944,0.7361186094600305,0.19656649455206274,0.3196922501147861,0.6234626996298489
6+rg_优化参数,87,1.0115952273842388,0.7398558970071487,0.1907986925257907,0.32131533347378527,0.5863481203216134
6+rg_优化参数,88,1.1154410620874309,0.7901631080439224,0.2103852316367473,0.34316347762699845,0.6045027159485392
6+rg_优化参数,89,1.1901483756885838,0.7770358460268889,0.22447590483423957,0.3374623801705027,0.5781312849170994
6+rg_优化参数,90,1.3398997349163926,0.872288975564188,0.2527207628279924,0.3788302887125673,0.5313598926810454
6+rg_优化参数,91,0.8203196311769828,0.7388572811840959,0.15472187772823193,0.32088164013229215,0.6439932752265679
6+rg_优化参数,92,1.1767742773034162,0.8132287300435954,0.22195339344181284,0.35318074998312265,0.569134407849728
6+rg_优化参数,93,1.2368838570141127,0.8428451010276846,0.23329076327770218,0.3660429764755122,0.5818620813879529
6+rg_优化参数,94,1.1591318872476024,0.7893193452831029,0.21862583231404498,0.3427970361159391,0.5956246967782124
6+rg_优化参数,95,1.0129944571781726,0.7436885361786271,0.19106260363173377,0.32297982751708454,0.6659609370136574
6+rg_优化参数,96,1.4616422523842756,0.8746050098060294,0.2756828256460759,0.379836129603698,0.5761681083178446
6+rg_优化参数,97,0.9309182300032733,0.7403373556628184,0.17558206713996527,0.3215244283112072,0.6601133306344968
6+rg_优化参数,98,1.3356274834759772,0.8329934253057809,0.2519149662337553,0.3617644480719892,0.6454499310764257
6+rg_优化参数,99,1.3171716604255461,0.900214316450821,0.24843398212846748,0.39095811016489923,0.5917427078500171
6+rg_优化参数,100,0.9575415425013658,0.699507503836525,0.18060353529030101,0.30379224896612056,0.6510891905862555
6+rg_优化参数,101,1.2662253398323902,0.8341797264485493,0.2388249101448946,0.362279652112169,0.5269059817750583
6+rg_优化参数,102,1.1919667319250604,0.8341340781591386,0.22481886808977308,0.36225982731196965,0.5591391313062029
6+rg_优化参数,103,1.0089221823156582,0.7758650129790057,0.1902945249592172,0.336953893838577,0.5979020251424455
6+rg_优化参数,104,0.963918331986101,0.7445123532068053,0.18180627237650274,0.3233376067065203,0.6967627416710833
6+rg_优化参数,105,1.1631132311926877,0.8145736945990754,0.21937676035191442,0.35376486066792306,0.5084758346503166
6+rg_优化参数,106,1.1540710826200984,0.7908855979036526,0.2176713053650072,0.3434772509863103,0.5941985491740758
6+rg_优化参数,107,0.9036615480755645,0.7347333970967569,0.17044113810667433,0.3190906600291522,0.5571809610221312
6+rg_优化参数,108,1.2174964718343588,0.8472167793976488,0.229634075658331,0.3679415722682435,0.556358676463303
6+rg_优化参数,109,1.0011454696845776,0.7374777331569529,0.18882774599269742,0.3202825100365834,0.6403956235182486
6+rg_优化参数,110,1.3977372970417168,0.8486503117789774,0.2636296035714644,0.3685641474710841,0.5909703214971496
6+rg_优化参数,111,1.3333750161750504,0.8193069984499999,0.2514901245536644,0.355820508411551,0.5273743503110307
6+rg_优化参数,112,1.2850891858968818,0.815327439151966,0.24238285216328423,0.35409220776800815,0.5798879409272097
6+rg_优化参数,113,1.133326787237987,0.8037994593821306,0.213758688609677,0.3490856697664763,0.5315601386230535
6+rg_优化参数,114,1.0470533893203036,0.7556277767519255,0.1974865166214645,0.3281649738161835,0.5850243381320314
6+rg_优化参数,115,1.0226996048050874,0.7877605536757336,0.1928931079953944,0.3421200615224215,0.6184162160233551
6+rg_优化参数,116,1.14782195749781,0.8179722072497024,0.21649264727085446,0.35524081595876883,0.562763392132348
6+rg_优化参数,117,1.3207820320206367,0.8532921779854346,0.24911494044186003,0.3705800843502816,0.5303435414798996
6+rg_优化参数,118,1.430981189430108,0.9048164055606642,0.2698997905301104,0.3929567720705312,0.5124872473313963
6+rg_优化参数,119,0.863201852864513,0.7211073416406641,0.16280996633234524,0.31317293933446344,0.5936190425055997
6+rg_优化参数,120,1.2864596198619225,0.8810834692482796,0.2426413320390729,0.38264968879070127,0.5020758544296458
6+rg_优化参数,121,1.1179543417828284,0.8350629516577444,0.21085926558516105,0.3626632319468003,0.6394639240901343
6+rg_优化参数,122,1.1057520790942084,0.7906120210194703,0.20855777611207893,0.34335843805513366,0.5461970419388631
6+rg_优化参数,123,1.1145986959294403,0.7711708417639733,0.21022635152618355,0.3349152411827794,0.5919275417623355
6+rg_优化参数,124,1.5778537628012437,0.9538451905949314,0.29760167583810304,0.4142497028653342,0.5935234447470488
6+rg_优化参数,125,1.0555045233564513,0.8182183813573123,0.19908049935369493,0.35534772801529124,0.5680972302235934
6+rg_优化参数,126,1.0816696198912,0.7220500639419938,0.20401554261358656,0.313582358427898,0.6232679910007475
6+rg_优化参数,127,1.0595971691305714,0.7766601472052097,0.19985242021841912,0.33729921624538983,0.5454084001533301
6+rg_优化参数,128,1.2456273187369984,0.7726576898487703,0.23493988243101174,0.33556097110143507,0.630689123829079
6+rg_优化参数,129,1.160257163354386,0.8069583122096728,0.21883807255015203,0.35045754211862234,0.4926023538875627
6+rg_优化参数,130,1.099353096924274,0.7761496218360138,0.20735085322586055,0.3370774978946764,0.6002178152054657
6+rg_优化参数,131,1.078937179916764,0.7748844798160144,0.20350017247302582,0.33652805369656674,0.5994228107398559
6+rg_优化参数,132,1.225126692860622,0.8199798715847617,0.23107322459466817,0.35611273350099903,0.5867543373190038
6+rg_优化参数,133,1.0381432721241992,0.7860195068011389,0.19580596429653488,0.3413639344720501,0.5883570240045313
6+rg_优化参数,134,1.0935971944324496,0.7905292934470853,0.20626522268904418,0.34332250992694563,0.6446790621829639
6+rg_优化参数,135,1.0713126649040285,0.7616663790879488,0.20206209975758327,0.3307875054891265,0.642487922134848
6+rg_优化参数,136,1.0119934416157614,0.7145211917163219,0.19087380038777235,0.31031261076533406,0.6778626730425716
6+rg_优化参数,137,0.9268454488933564,0.7342101582353955,0.174813892983267,0.3188634202789456,0.6608450260326177
6+rg_优化参数,138,0.9692699149736053,0.7877499875358895,0.18281564352547439,0.3421154727061922,0.6308599978292568
6+rg_优化参数,139,1.045175804120312,0.7657360392710586,0.1971323820906102,0.33255493644987244,0.597257648404975
6+rg_优化参数,140,1.0039372847183599,0.7297814221940679,0.18935431496396163,0.316940044654391,0.595691333294218
6+rg_优化参数,141,0.8114438036766518,0.6714741671571025,0.15304779284101214,0.29161752553691134,0.6652873447843444
6+rg_优化参数,142,1.0577197976059427,0.7543726168737536,0.1994983259892376,0.3276198648071871,0.557451229735362
6+rg_优化参数,143,1.1300115226160614,0.7513242683039942,0.21313339092329303,0.32629598384442293,0.6237474332065821
6+rg_优化参数,144,1.2996906431632747,0.8497913958724164,0.24513685779714114,0.3690597139962522,0.5138126569757355
6+rg_优化参数,145,0.7936769175868379,0.6509776884405041,0.14969675030500032,0.2827160179318452,0.6887196850286875
6+rg_优化参数,146,1.289666987050092,0.8408363409112587,0.24324627900737295,0.3651705830414811,0.5853409000274663
6+rg_优化参数,147,0.7868155573803424,0.7057835734236975,0.14840261751264522,0.30651791135587036,0.6849484277876376
6+rg_优化参数,148,1.2431339155510597,0.8685663178543753,0.23446959742477766,0.37721355901118103,0.5867928159152914
6+rg_优化参数,149,1.2245090211764555,0.779934373333762,0.23095672449012153,0.3387211945855235,0.6013674881028226
6+rg_优化参数,150,0.9970510840217893,0.7050626272133003,0.1880554969646189,0.3062048083949458,0.6713496893310663
6+rg_优化参数,151,1.304950310502498,0.8112399980181484,0.2461288925797086,0.3523170546384868,0.5707837406302594
6+rg_优化参数,152,1.0585386116579072,0.7866554544844877,0.19965276389711561,0.34164012304170766,0.6260798236738492
6+rg_优化参数,153,1.2590642809804824,0.7838177799854746,0.23747425068243624,0.3404077366653487,0.5623669539718266
6+rg_优化参数,154,1.0966744488955176,0.7848645208502196,0.20684562887545999,0.34086233044689007,0.6218739375322608
6+rg_优化参数,155,1.3372215645520247,0.9023156608178435,0.25221562857068275,0.39187071242807564,0.5707963384598326
6+rg_优化参数,156,1.1372385132555487,0.844071021346982,0.2144964858920938,0.3665753869054361,0.5181483647425975
6+rg_优化参数,157,1.1259522249871061,0.7416919106236257,0.21236775990882056,0.32211270405612047,0.5281263534238763
6+rg_优化参数,158,1.0051161030680003,0.7468391716661673,0.18957665389335573,0.32434813112381183,0.6458582538554953
6+rg_优化参数,159,0.8586298415279232,0.660064331546184,0.1619476315153947,0.2866622968916662,0.7191383120828254
6+rg_优化参数,160,1.3367590100374387,0.8244150822900886,0.2521283853787263,0.3580389210364007,0.5483818512457576
6+rg_优化参数,161,1.3948612282650492,0.9185765476106225,0.26308714335877503,0.39893272583303296,0.5786898455691373
6+rg_优化参数,162,1.2565598337645754,0.8314866485830841,0.237001882642968,0.3611100632558617,0.5091337921474751
6+rg_优化参数,163,0.7566376583576839,0.6724294573057356,0.1427107127657365,0.2920324027770792,0.7599752322931581
6+rg_优化参数,164,0.9847876208209716,0.7280709350998716,0.18574246435907318,0.3161971895480148,0.6713955726074649
6+rg_优化参数,165,1.1133686370680058,0.8029868021238593,0.20999434803690423,0.34873273720353043,0.6145032099050535
6+rg_优化参数,166,0.9763147689671169,0.7061704200843752,0.18414438539238967,0.3066859167259454,0.6824439524961023
6+rg_优化参数,167,1.2394249549631082,0.780787609362278,0.23377004407413496,0.3390917502844691,0.5208881152274973
6+rg_优化参数,168,1.1758025648833765,0.7947432596926536,0.2217701171132619,0.3451526122143225,0.5618105405107789
6+rg_优化参数,169,1.1268077172274542,0.829628142553481,0.21252911575205288,0.3603029243426212,0.5359795319234284
6+rg_优化参数,170,1.1160751607331543,0.8219772558309498,0.21050483005838996,0.356980186457359,0.6690920703948878
6+rg_优化参数,171,0.9261322041821508,0.7461113740625983,0.17467936668790196,0.32403205264063945,0.6278796760320282
6+rg_优化参数,172,1.1838403676926272,0.7955733094320697,0.22328614074135938,0.34551309823585613,0.524587023859641
6+rg_优化参数,173,1.440502208102642,0.8750157712670822,0.2716955660192163,0.38001452103961175,0.5627099087296557
6+rg_优化参数,174,1.129785855811809,0.7989576778183862,0.21309082752438382,0.3469829107507612,0.6520005811064256
6+rg_优化参数,175,0.939059316595052,0.7414825896291724,0.17711757129755915,0.3220217971032829,0.613595991371787
6+rg_优化参数,176,1.0673771375569192,0.7644418162410389,0.20131981326600937,0.3319928625295828,0.627026815571617
6+rg_优化参数,177,0.89484835434282,0.682262074775526,0.16877886668064926,0.2963026542868747,0.6601616088556703
6+rg_优化参数,178,1.1723012156713426,0.8328906561977157,0.22110972169654988,0.36171981601544634,0.548718933668389
6+rg_优化参数,179,0.8747869812479108,0.6821662399131431,0.1649950570568353,0.2962610337349678,0.73908191470724
6+rg_优化参数,180,0.7661780480346475,0.67656161904008,0.14451014185286068,0.2938269778166368,0.7342467869257241
6+rg_优化参数,181,1.0457932360043354,0.7809770305720249,0.19724883696604492,0.3391740148706176,0.6599804218955041
6+rg_优化参数,182,1.1644576591716573,0.8259562969111628,0.21963033519453778,0.35870826204176187,0.5824179066293804
6+rg_优化参数,183,1.144936974502079,0.8082960824725876,0.21594850573218002,0.3510385283618605,0.6301691756356689
6+rg_优化参数,184,0.9757930155264367,0.7676445026731553,0.18404597659052133,0.33338377157431737,0.663026605418689
6+rg_优化参数,185,0.8460653817267036,0.6895368598981619,0.15957782743025248,0.29946205332266734,0.636913572957909
6+rg_优化参数,186,1.4387642077595157,0.9073041948432512,0.27136775882509245,0.39403720522809677,0.5755190220417206
6+rg_优化参数,187,1.198302970865989,0.8525053344230393,0.22601395686909267,0.3702383625330123,0.5419181937339022
6+rg_优化参数,188,1.2523609769746167,0.8159930585177593,0.23620992913830516,0.35438128258562007,0.5016111943143837
6+rg_优化参数,189,1.3172340483295168,0.8192923144813747,0.2484457492169084,0.35581413124500466,0.6296682856759557
6+rg_优化参数,190,0.9287835910942529,0.7263692648612918,0.17517944927282791,0.31545816355338063,0.6240380886771271
6+rg_优化参数,191,0.9055270191155905,0.7243580572853117,0.17079298776525964,0.31458470720117043,0.67687578618126
6+rg_优化参数,192,1.0601477294499972,0.7813165548667422,0.19995626233457328,0.3393214683982854,0.630943682371332
6+rg_优化参数,193,0.9849232233404432,0.7685661820501508,0.1857680405803898,0.3337840518418305,0.5548421413612583
6+rg_优化参数,194,1.0716102006811798,0.797542966653225,0.20211821848543343,0.34636850949824477,0.6800571771138676
6+rg_优化参数,195,1.138536199057643,0.7860431548788758,0.21474124461341468,0.34137420470171886,0.6425831642120872
6+rg_优化参数,196,1.2759843683550443,0.8182543752373905,0.24066557707573713,0.3553633599587915,0.5055162431821099
6+rg_优化参数,197,1.0983911390498755,0.7852968696389265,0.20716941671871658,0.34105009714008305,0.6117601530122501
6+rg_优化参数,198,1.1962117134966583,0.7945033696905766,0.2256195212677752,0.34504842931015667,0.5937045894443564
6+rg_优化参数,199,1.2012474960538424,0.7998202675974798,0.22656932876166716,0.3473575287319677,0.5060491807159171
6+rg_优化参数,200,1.22143303764666,0.8169238645322061,0.23037655801658702,0.3547855265014167,0.5686346433157612
6+rg_优化参数,201,1.0539216314716895,0.8051463026158676,0.19878194742912408,0.349670596350877,0.5790443601760933
6+rg_优化参数,202,1.0652317742566637,0.8172108665277682,0.20091517265324174,0.35491016988438456,0.4943476867170351
6+rg_优化参数,203,1.0135345717523145,0.7504641298342084,0.1911644755581434,0.3259224304533222,0.6406752301103076
6+rg_优化参数,204,1.2130504651536835,0.8125327682630769,0.22879550679336386,0.3528784976222279,0.5489644015388381
6+rg_优化参数,205,0.9574862767524639,0.7346950832552195,0.18059311152361399,0.319074020539192,0.6035782517155583
6+rg_优化参数,206,0.9843101698436716,0.7509410352845688,0.18565241152000478,0.3261295478588033,0.6215230560933
6+rg_优化参数,207,0.8160989363901712,0.7119561883681269,0.15392580532192332,0.3091986439651496,0.615510829031744
6+rg_优化参数,208,1.2155251053750313,0.8605616838916935,0.22926225288500546,0.373737190651533,0.6558522366537536
6+rg_优化参数,209,1.4268065627526028,0.8597733407627363,0.26911240710807616,0.37339481758078047,0.4727696694658785
6+rg_优化参数,210,1.0808940423103448,0.7890865614386388,0.20386925960989732,0.3426959393768121,0.5886004986463778
6+rg_优化参数,211,0.9065142259898289,0.7200970045046482,0.1709791865291113,0.31273415549142974,0.594347740865854
6+rg_优化参数,212,1.3402782895540244,0.8064103177789193,0.2527921626606077,0.3502195511612324,0.5213715438186148
6+rg_优化参数,213,1.012842218653957,0.7829607283874158,0.1910338896653309,0.3400355238856054,0.6244901149215273
6+rg_优化参数,214,0.9545169869847363,0.7396378285773058,0.18003306874160369,0.32122062755802716,0.5812657494190573
6+rg_优化参数,215,1.0710318275799886,0.8004245205970345,0.2020091305533119,0.34761995247534777,0.5948369227574151
6+rg_优化参数,216,0.867334003053642,0.7115710450980901,0.16358933819182372,0.30903137836823047,0.6535651770419652
6+rg_优化参数,217,1.1335827542926789,0.8104885505739965,0.2138069669902415,0.35199070516005126,0.632987487141488
6+rg_优化参数,218,1.0731346278493628,0.7337938086048288,0.20240574328059502,0.318682601931848,0.6770429670879214
6+rg_优化参数,219,0.9161026301060153,0.7384950880059815,0.17278767170109835,0.3207243416336541,0.6423795810590174
6+rg_优化参数,220,1.24903144615249,0.8418916160595293,0.23558194067969138,0.36562888321526466,0.4304540907908959
6+rg_优化参数,221,1.246872223594923,0.8038323545615835,0.2351746860488829,0.3490999559613939,0.5580455738384269
6+rg_优化参数,222,0.9390165494126224,0.7493957272163076,0.17710950490670468,0.3254584290919169,0.6371753505587441
6+rg_优化参数,223,1.2015109466949494,0.8564975117652378,0.22661901863416514,0.37197214312350824,0.6106931234960384
6+rg_优化参数,224,0.9407725291482446,0.7285068071497345,0.1774407032245584,0.3163864863740861,0.6332531997298236
6+rg_优化参数,225,0.9441976001480072,0.7439662368698616,0.1780867116782089,0.32310043139490846,0.6036982020413169
6+rg_优化参数,226,0.9533924564663743,0.72519637394981,0.17982096913219406,0.31494878350264954,0.6526344453693622
6+rg_优化参数,227,1.5350028662056343,0.9405808765839643,0.289519495512736,0.4084890844841392,0.5284943381412146
6+rg_优化参数,228,1.001383522609303,0.7029449344365435,0.18887264555880848,0.30528510610763393,0.6335015497309648
6+rg_优化参数,229,0.8546311108885639,0.7320274650120631,0.1611934241436128,0.3179154886563647,0.665368267809849
6+rg_优化参数,230,1.2293366142054163,0.8333826748520288,0.23186726500379523,0.361933497002008,0.5050694780939068
6+rg_优化参数,231,0.9553647669256191,0.7435267251065818,0.180192969954946,0.3229095538613845,0.6627378148855714
6+rg_优化参数,232,1.3345516294267639,0.8306114138005751,0.2517120475757964,0.36072995361944826,0.6053756949238297
6+rg_优化参数,233,1.1220346086502442,0.7843689579450854,0.2116288516432846,0.34064711021175437,0.5819882245514616
6+rg_优化参数,234,1.1707813129191775,0.8241821219942369,0.22082305025917143,0.35793774766540976,0.5999580824420819
6+rg_优化参数,235,0.9737532938173825,0.7474636485982447,0.18366126121754517,0.3246193380094889,0.6672067554131436
6+rg_优化参数,236,1.1120093848018975,0.8059935621476784,0.20973797716032663,0.35003855649028237,0.566148867471995
6+rg_优化参数,237,1.2565148137859263,0.8476367331800823,0.2369933913483956,0.3681239558786087,0.5510640987300386
6+rg_优化参数,238,1.2021717653255455,0.8482884359683314,0.22674365675749877,0.36840698680338624,0.5979068293068682
6+rg_优化参数,239,1.1551559561912392,0.825831439511794,0.21787592521030313,0.35865403716219124,0.6145133351327199
